{
  "n_test": 283,
  "model": {
    "majority": {
      "spam": {
        "macro_f1": 0.48731884057971014,
        "accuracy": 0.950530035335689,
        "ci95": [
          0.4797794117647059,
          0.4937388193202147
        ],
        "f1_per_kelas": {
          "0": 0.9746376811594203,
          "1": 0.0
        },
        "support": {
          "0": 269,
          "1": 14
        },
        "confusion": [
          [
            269,
            0
          ],
          [
            14,
            0
          ]
        ],
        "kelas": [
          "0",
          "1"
        ]
      },
      "sikap": {
        "macro_f1": 0.06610009442870633,
        "accuracy": 0.24734982332155478,
        "ci95": [
          0.05506391347099312,
          0.07631173982150605
        ],
        "f1_per_kelas": {
          "pro_nadiem": 0.39660056657223797,
          "kontra_nadiem": 0.0,
          "kritik_peradilan": 0.0,
          "kritik_pemerintah": 0.0,
          "netral_informasional": 0.0,
          "tak_jelas": 0.0
        },
        "support": {
          "pro_nadiem": 70,
          "kontra_nadiem": 18,
          "kritik_peradilan": 78,
          "kritik_pemerintah": 42,
          "netral_informasional": 7,
          "tak_jelas": 68
        },
        "confusion": [
          [
            70,
            0,
            0,
            0,
            0,
            0
          ],
          [
            18,
            0,
            0,
            0,
            0,
            0
          ],
          [
            78,
            0,
            0,
            0,
            0,
            0
          ],
          [
            42,
            0,
            0,
            0,
            0,
            0
          ],
          [
            7,
            0,
            0,
            0,
            0,
            0
          ],
          [
            68,
            0,
            0,
            0,
            0,
            0
          ]
        ],
        "kelas": [
          "pro_nadiem",
          "kontra_nadiem",
          "kritik_peradilan",
          "kritik_pemerintah",
          "netral_informasional",
          "tak_jelas"
        ]
      },
      "emosi": {
        "macro_f1": 0.07188405797101449,
        "accuracy": 0.21908127208480566,
        "ci95": [
          0.05903614457831326,
          0.08467966573816156
        ],
        "f1_per_kelas": {
          "marah": 0.35942028985507246,
          "duka": 0.0,
          "sinis": 0.0,
          "harapan": 0.0,
          "netral": 0.0
        },
        "support": {
          "marah": 62,
          "duka": 56,
          "sinis": 74,
          "harapan": 35,
          "netral": 56
        },
        "confusion": [
          [
            62,
            0,
            0,
            0,
            0
          ],
          [
            56,
            0,
            0,
            0,
            0
          ],
          [
            74,
            0,
            0,
            0,
            0
          ],
          [
            35,
            0,
            0,
            0,
            0
          ],
          [
            56,
            0,
            0,
            0,
            0
          ]
        ],
        "kelas": [
          "marah",
          "duka",
          "sinis",
          "harapan",
          "netral"
        ]
      }
    },
    "tfidf_logreg": {
      "spam": {
        "macro_f1": 1.0,
        "accuracy": 1.0,
        "ci95": [
          1.0,
          1.0
        ],
        "f1_per_kelas": {
          "0": 1.0,
          "1": 1.0
        },
        "support": {
          "0": 269,
          "1": 14
        },
        "confusion": [
          [
            269,
            0
          ],
          [
            0,
            14
          ]
        ],
        "kelas": [
          "0",
          "1"
        ]
      },
      "sikap": {
        "macro_f1": 0.5343396275512033,
        "accuracy": 0.6289752650176679,
        "ci95": [
          0.4620396271597495,
          0.6065481820630313
        ],
        "f1_per_kelas": {
          "pro_nadiem": 0.6225165562913907,
          "kontra_nadiem": 0.3055555555555556,
          "kritik_peradilan": 0.7751937984496124,
          "kritik_pemerintah": 0.5714285714285714,
          "netral_informasional": 0.2,
          "tak_jelas": 0.7313432835820896
        },
        "support": {
          "pro_nadiem": 70,
          "kontra_nadiem": 18,
          "kritik_peradilan": 78,
          "kritik_pemerintah": 42,
          "netral_informasional": 7,
          "tak_jelas": 68
        },
        "confusion": [
          [
            47,
            17,
            1,
            1,
            1,
            3
          ],
          [
            4,
            11,
            0,
            2,
            0,
            1
          ],
          [
            7,
            9,
            50,
            3,
            1,
            8
          ],
          [
            4,
            13,
            0,
            20,
            0,
            5
          ],
          [
            4,
            1,
            0,
            1,
            1,
            0
          ],
          [
            15,
            3,
            0,
            1,
            0,
            49
          ]
        ],
        "kelas": [
          "pro_nadiem",
          "kontra_nadiem",
          "kritik_peradilan",
          "kritik_pemerintah",
          "netral_informasional",
          "tak_jelas"
        ]
      },
      "emosi": {
        "macro_f1": 0.6164431487200501,
        "accuracy": 0.607773851590106,
        "ci95": [
          0.5548286021301546,
          0.67102370197376
        ],
        "f1_per_kelas": {
          "marah": 0.5401459854014599,
          "duka": 0.7090909090909091,
          "sinis": 0.6025641025641025,
          "harapan": 0.7142857142857143,
          "netral": 0.5161290322580645
        },
        "support": {
          "marah": 62,
          "duka": 56,
          "sinis": 74,
          "harapan": 35,
          "netral": 56
        },
        "confusion": [
          [
            37,
            7,
            13,
            3,
            2
          ],
          [
            9,
            39,
            3,
            2,
            3
          ],
          [
            18,
            3,
            47,
            1,
            5
          ],
          [
            4,
            3,
            0,
            25,
            3
          ],
          [
            7,
            2,
            19,
            4,
            24
          ]
        ],
        "kelas": [
          "marah",
          "duka",
          "sinis",
          "harapan",
          "netral"
        ]
      }
    },
    "finetune": {
      "spam": {
        "macro_f1": 1.0,
        "accuracy": 1.0,
        "ci95": [
          1.0,
          1.0
        ],
        "f1_per_kelas": {
          "0": 1.0,
          "1": 1.0
        },
        "support": {
          "0": 269,
          "1": 14
        },
        "confusion": [
          [
            269,
            0
          ],
          [
            0,
            14
          ]
        ],
        "kelas": [
          "0",
          "1"
        ]
      },
      "sikap": {
        "macro_f1": 0.5438067616843659,
        "accuracy": 0.6501766784452296,
        "ci95": [
          0.46910303579181667,
          0.6131111924980293
        ],
        "f1_per_kelas": {
          "pro_nadiem": 0.6486486486486487,
          "kontra_nadiem": 0.3235294117647059,
          "kritik_peradilan": 0.8088235294117647,
          "kritik_pemerintah": 0.5373134328358209,
          "netral_informasional": 0.2,
          "tak_jelas": 0.7445255474452555
        },
        "support": {
          "pro_nadiem": 70,
          "kontra_nadiem": 18,
          "kritik_peradilan": 78,
          "kritik_pemerintah": 42,
          "netral_informasional": 7,
          "tak_jelas": 68
        },